{"cameraMode":{"drawMode":0,"name":"Shaded","section":"Shading Mode"},"sceneLighting":false,"audioPlay":false,"sceneViewState":{"showFog":true,"showMaterialUpdate":false,"showSkybox":false,"showFlares":true,"showImageEffects":true,"showParticleSystems":true},"in2DMode":false,"pivot":{"x":0.042366981506347659,"y":0.7594624161720276,"z":-0.07645106315612793},"rotation":{"x":0.0011859912192448974,"y":-0.9839431047439575,"z":0.17904958128929139,"w":0.006834135856479406},"size":1.9318987131118775,"orthographic":false}