{"cameraMode":{"drawMode":0,"name":"Shaded","section":"Shading Mode"},"sceneLighting":false,"audioPlay":false,"sceneViewState":{"showFog":true,"showMaterialUpdate":false,"showSkybox":false,"showFlares":true,"showImageEffects":true,"showParticleSystems":true},"in2DMode":false,"pivot":{"x":0.17444926500320435,"y":0.5238782167434692,"z":-0.8012730479240418},"rotation":{"x":-0.057077255100011829,"y":0.9291917681694031,"z":-0.1622118204832077,"w":-0.32734721899032595},"size":1.0024696588516236,"orthographic":false}