{"cameraMode":{"drawMode":0,"name":"Shaded","section":"Shading Mode"},"sceneLighting":true,"audioPlay":false,"sceneViewState":{"showFog":true,"showMaterialUpdate":false,"showSkybox":true,"showFlares":true,"showImageEffects":true,"showParticleSystems":true},"in2DMode":false,"pivot":{"x":-1.1988105773925782,"y":-6.289443492889404,"z":-0.060737013816833499},"rotation":{"x":0.003907887730747461,"y":-0.9960029125213623,"z":0.07334048300981522,"w":0.05327262729406357},"size":0.9016441702842712,"orthographic":false}