{"cameraMode":{"drawMode":0,"name":"Shaded","section":"Shading Mode"},"sceneLighting":false,"audioPlay":false,"sceneViewState":{"showFog":true,"showMaterialUpdate":false,"showSkybox":false,"showFlares":true,"showImageEffects":true,"showParticleSystems":true},"in2DMode":false,"pivot":{"x":-3.2128686904907228,"y":0.7163699865341187,"z":-16.084627151489259},"rotation":{"x":0.3464658856391907,"y":0.1482768952846527,"z":-0.05553878843784332,"w":0.9246612191200256},"size":4.584596633911133,"orthographic":false}