{"cameraMode":{"drawMode":0,"name":"Shaded","section":"Shading Mode"},"sceneLighting":false,"audioPlay":false,"sceneViewState":{"showFog":true,"showMaterialUpdate":false,"showSkybox":false,"showFlares":true,"showImageEffects":true,"showParticleSystems":true},"in2DMode":false,"pivot":{"x":8.744133949279786,"y":4.553000450134277,"z":-3.5999865531921388},"rotation":{"x":0.3464658856391907,"y":0.1482768952846527,"z":-0.05553878843784332,"w":0.9246612191200256},"size":8.962099075317383,"orthographic":false}