{"cameraMode":{"drawMode":0,"name":"Shaded","section":"Shading Mode"},"sceneLighting":false,"audioPlay":false,"sceneViewState":{"showFog":true,"showMaterialUpdate":false,"showSkybox":false,"showFlares":true,"showImageEffects":true,"showParticleSystems":true},"in2DMode":false,"pivot":{"x":-3.382868766784668,"y":1.1407811641693116,"z":-10.113605499267579},"rotation":{"x":0.3464658856391907,"y":0.1482768952846527,"z":-0.05553878843784332,"w":0.9246612191200256},"size":6.9485087394714359,"orthographic":false}