{"cameraMode":{"drawMode":0,"name":"Shaded","section":"Shading Mode"},"sceneLighting":false,"audioPlay":false,"sceneViewState":{"showFog":true,"showMaterialUpdate":false,"showSkybox":false,"showFlares":true,"showImageEffects":true,"showParticleSystems":true},"in2DMode":false,"pivot":{"x":-0.008461713790893555,"y":0.4934850335121155,"z":0.0006955564022064209},"rotation":{"x":0.09692199528217316,"y":0.9029718041419983,"z":-0.30924466252326968,"w":0.2825348675251007},"size":1.8413437604904175,"orthographic":true}