{"cameraMode":{"drawMode":0,"name":"Shaded","section":"Shading Mode"},"sceneLighting":true,"audioPlay":false,"sceneViewState":{"showFog":true,"showMaterialUpdate":false,"showSkybox":true,"showFlares":true,"showImageEffects":true,"showParticleSystems":true},"in2DMode":false,"pivot":{"x":-35.20160675048828,"y":0.412050724029541,"z":18.119600296020509},"rotation":{"x":-0.10630391538143158,"y":-0.8321931958198547,"z":0.17075569927692414,"w":-0.516937255859375},"size":29.726364135742189,"orthographic":true}