{"cameraMode":{"drawMode":0,"name":"Shaded","section":"Shading Mode"},"sceneLighting":true,"audioPlay":false,"sceneViewState":{"showFog":true,"showMaterialUpdate":false,"showSkybox":true,"showFlares":true,"showImageEffects":true,"showParticleSystems":true},"in2DMode":false,"pivot":{"x":-55.563087463378909,"y":-0.24411749839782716,"z":18.03499984741211},"rotation":{"x":-0.2503482401371002,"y":-0.7248451709747315,"z":0.3288242816925049,"w":-0.5513891577720642},"size":5.350657939910889,"orthographic":true}