{"cameraMode":{"drawMode":0,"name":"Shaded","section":"Shading Mode"},"sceneLighting":false,"audioPlay":false,"sceneViewState":{"showFog":true,"showMaterialUpdate":false,"showSkybox":false,"showFlares":true,"showImageEffects":true,"showParticleSystems":true},"in2DMode":false,"pivot":{"x":-0.02751636505126953,"y":0.4934850335121155,"z":0.0863630473613739},"rotation":{"x":-0.00034586095716804266,"y":0.9991577863693237,"z":-0.04199108108878136,"w":-0.011703170835971833},"size":0.9283475875854492,"orthographic":true}