{"cameraMode":{"drawMode":0,"name":"Shaded","section":"Shading Mode"},"sceneLighting":false,"audioPlay":false,"sceneViewState":{"showFog":true,"showMaterialUpdate":false,"showSkybox":false,"showFlares":true,"showImageEffects":true,"showParticleSystems":true},"in2DMode":false,"pivot":{"x":-0.003724217414855957,"y":0.7291619181632996,"z":-0.1070699691772461},"rotation":{"x":0.0011859912192448974,"y":-0.9839431047439575,"z":0.17904958128929139,"w":0.006834135856479406},"size":2.0009777545928957,"orthographic":false}