{"cameraMode":{"drawMode":0,"name":"Shaded","section":"Shading Mode"},"sceneLighting":false,"audioPlay":false,"sceneViewState":{"showFog":true,"showMaterialUpdate":false,"showSkybox":false,"showFlares":true,"showImageEffects":true,"showParticleSystems":true},"in2DMode":false,"pivot":{"x":-0.10366857051849365,"y":0.8338997960090637,"z":0.04535377025604248},"rotation":{"x":0.0011859912192448974,"y":-0.9839431047439575,"z":0.17904958128929139,"w":0.006834135856479406},"size":2.158474922180176,"orthographic":false}